NodeId,Degree
30,5
3,23
25,90
4,29
5,23
6,302
7,24
8,182
9,81
10,86
11,743
12,65
13,11
14,114
15,50
16,15
17,45
18,12
19,39
20,187
21,76
22,2
23,74
24,309
54,7
28,133
33,24
34,5
36,227
35,65
37,20
38,14
39,41
40,11
26,95
41,30
42,89
43,4
44,44
45,8
46,59
47,146
48,21
49,15
50,14
51,24
52,1
53,39
29,150
55,64
56,24
57,13
58,38
59,94
60,9
62,17
27,102
63,1
64,1
65,2
66,44
72,164
73,13
75,31
76,2
78,41
79,53
77,25
80,59
81,18
83,8
91,2
67,17
84,1
85,1
86,122
71,109
87,195
88,1
89,29
90,72
93,1
92,5
82,1
94,80
95,2
99,24
96,2
100,5
98,8
31,15
102,5
103,68
115,3
116,2
104,30
105,3
106,9
68,275
117,1
118,1
119,1
107,4
108,2
109,190
110,95
111,29
120,8
112,1
121,9
122,213
113,89
123,1
124,3
114,1
130,13
126,25
127,132
128,80
129,4
132,29
133,10
134,2
135,7
136,99
137,1
138,72
139,37
140,30
141,1
142,25
143,94
147,58
145,18
146,1
151,74
149,1
152,21
153,1
154,61
155,28
156,4
157,44
158,7
159,1
160,1
161,32
162,4
163,9
165,3
168,9
171,70
172,123
175,1
173,334
174,1
74,69
176,39
177,19
178,63
179,17
180,54
181,3
182,79
166,93
185,4
194,5
187,37
188,3
32,4
189,1
196,1
190,2
197,11
195,1
198,1
199,17
191,13
200,1
201,21
202,6
203,31
204,12
205,12
206,1
207,1
208,6
209,10
192,19
210,1
125,29
216,8
215,100
217,1
221,10
222,4
223,19
224,13
225,1
226,25
240,5
227,5
228,6
242,2
243,2
244,4
245,3
246,1
247,11
230,6
231,50
232,23
233,1
234,1
235,2
236,39
237,41
248,1
238,3
239,1
169,3
257,8
253,1
254,25
255,86
256,10
261,8
258,6
260,6
259,56
263,22
264,1
265,31
266,13
267,1
268,3
269,30
270,14
273,7
276,7
277,2
275,56
241,8
280,76
282,39
283,2
284,7
285,6
287,1
288,1
289,1
291,35
294,1
292,6
293,3
295,5
296,10
297,1
290,71
298,2
301,1
302,13
249,15
303,3
304,79
306,244
307,5
308,142
320,7
309,1
310,230
311,321
312,227
313,54
314,1
315,77
316,3
305,7
317,140
318,3
319,199
329,6
330,1
323,1
324,14
326,12
331,4
327,8
251,8
328,13
333,2
335,46
150,28
336,31
337,1
338,1
339,80
340,30
341,47
342,2
343,4
344,3
348,21
345,9
346,86
349,1
356,18
350,2
351,11
355,1
352,9
353,6
357,2
193,21
363,3
362,1
364,14
365,8
366,14
369,1
367,5
368,1
371,117
372,4
374,3
375,1
376,37
386,3
381,2
382,1
387,11
101,16
383,45
384,1
391,1
393,1
395,42
397,1
398,7
399,6
400,12
401,1
403,20
404,5
405,19
406,34
407,145
408,1
409,2
410,6
411,1
413,1
415,4
414,3
325,25
416,2
417,9
418,1
427,6
423,7
424,6
425,79
426,41
429,5
430,5
432,157
434,6
436,1
437,1
438,1
412,21
439,8
440,8
441,1
443,1
447,15
444,2
451,1
448,1
449,9
446,1
450,1
211,2
453,1
454,9
455,4
456,5
457,732
458,4
460,3
461,4
462,4
463,6
465,17
467,12
468,1
164,8
472,1
476,1
479,8
480,1
481,1
486,1
473,1
488,4
489,5
490,1
492,1
493,3
494,3
497,2
498,2
499,14
501,10
502,4
504,1
507,1
513,4
511,3
509,1
516,1
519,1
520,1
525,1
521,5
522,1
523,1
445,4
527,1
528,1
531,1
530,7
529,1
534,4
536,5
539,2
540,1
541,3
542,7
543,1
544,2
545,24
546,142
551,1
218,2
547,1
548,1
549,4
550,1
552,2
560,8
553,22
554,6
555,3
556,121
557,1
558,1
559,4
561,4
562,1
563,1
565,1
564,15
567,2
568,1
569,1
570,4
571,1
572,5
573,1
574,5
575,3
579,4
576,1
577,1
578,1
580,30
583,26
582,34
584,5
585,3
586,13
587,18
588,22
590,8
592,12
591,2
595,2
593,1
596,1
594,1
597,2
598,1
599,1
601,9
600,214
604,8
602,1
605,1
606,3
608,3
610,1
613,2
612,1
616,1
614,10
615,35
618,11
495,6
620,14
621,1
624,2
625,3
626,31
628,1
632,1
633,55
634,150
646,17
635,66
636,11
647,32
637,25
638,1
640,4
641,2
642,3
648,2
643,46
644,27
645,16
649,40
650,98
651,2
655,1
652,2
653,2
654,1
657,1
658,6
659,14
661,2
662,2
664,13
663,158
667,19
665,7
666,2
668,2
639,31
669,1
673,5
672,1
675,1
674,16
677,2
676,1
678,1
684,2
683,1
682,3
686,83
688,5
689,47
690,3
691,24
692,3
693,1
695,118
699,8
701,4
703,1
704,81
705,28
706,95
707,123
708,51
709,1
710,105
696,6
711,1
712,19
713,4
715,23
716,1
717,1
718,1
719,4
720,1
721,1
722,264
723,1
725,6
724,4
726,2
727,32
728,5
729,1
730,34
731,1
732,4
733,8
737,232
738,8
734,1
735,1
742,93
744,1
745,2
748,1
697,100
749,66
321,27
751,1
754,2
752,1
753,1
755,1
760,1
758,2
759,77
761,8
763,68
764,34
766,773
762,50
767,1
768,2
769,146
770,3
771,7
772,3
773,1
774,1
736,4
775,2
776,1
786,2
788,113
780,2
781,8
782,9
783,1
784,224
789,317
785,1
792,2
791,41
794,18
795,60
798,16
796,6
797,5
802,4
799,1
800,2
801,6
803,6
804,6
805,90
807,1
808,4
810,34
811,3
812,3
813,272
814,3
815,2
816,29
822,11
819,1
820,16
821,1
334,41
818,2
823,15
824,2
826,249
825,165
830,3
832,3
831,12
835,1
836,26
837,4
838,36
841,61
840,7
844,45
842,30
843,1
845,1
847,1
848,8
851,2
854,99
855,2
856,91
852,39
853,16
859,13
860,8
861,16
862,3
863,5
865,97
867,1
869,11
870,38
871,59
873,5
874,1
876,1
877,2
879,122
880,1
882,7
883,3
885,7
886,3
887,1
888,1
889,1
890,1
891,1
892,1
469,10
895,6
897,1
896,26
898,10
900,5
902,2
904,119
903,1
905,2
907,9
908,9
909,12
910,2
911,27
912,9
913,3
914,7
923,1
915,7
916,4
917,1
918,17
919,1
920,10
921,6
924,1
787,12
927,1
928,21
932,1
926,6
931,2
935,22
938,2
937,46
940,1
941,80
943,30
944,5
946,110
947,27
948,29
949,8
950,9
951,1
954,34
956,42
957,3
959,12
960,22
961,16
965,1
962,3
963,3
964,4
933,18
967,16
968,5
969,2
970,11
971,72
973,2
974,36
975,11
976,1
980,1
978,65
981,16
982,47
983,1
984,7
985,6
986,77
988,292
987,2
990,1
992,1
993,238
994,45
996,297
998,30
1005,5
999,4
1000,60
1006,138
1001,1
1002,1
1003,18
1004,12
1008,8
1011,6
1012,7
1013,23
1016,1
1017,1
1018,5
1019,1
1009,44
1021,1
1022,14
1023,9
1024,41
1025,1
1027,6
1028,7
1029,135
1031,19
1032,39
1033,6
1034,33
1035,12
1039,6
1037,86
1038,6
1040,1
1041,49
1042,41
1043,21
1044,9
1045,1
1046,24
1047,1
1048,2
1049,3
1050,44
1052,4
1051,46
1055,196
1058,1
1059,2
1060,1
1061,2
1062,156
1063,29
1064,16
1067,2
1065,7
1066,5
1070,1
1071,1
1072,1
872,29
1074,95
1075,74
1084,5
1078,5
1079,2
1080,5
1081,1
1082,4
1083,2
1085,4
1086,8
1089,8
1087,2
1088,1
1093,2
1094,2
1095,10
1096,1
1097,88
1098,305
1103,9
1099,8
1104,1
1100,2
1105,3
1106,2
1101,1
1107,1
1108,1
1109,1
1110,1
1111,60
1112,1
1113,6
1102,15
1114,39
1432,1
1115,1
1120,1
1124,20
1125,37
1126,2
1128,13
1127,62
1129,62
1130,1
1132,57
1133,399
1134,3
1135,115
1137,135
1138,3
1139,2
1141,2
1142,48
1143,14
1144,7
1068,3
1145,2
1146,1
1147,3
1148,1
1150,8
1151,472
1154,2
1156,4
1155,1
1157,2
1158,1
922,149
1159,2
1161,1
1160,24
1164,39
1165,13
1166,599
1167,158
1177,1
1168,5
1178,1
1179,10
1169,29
1170,2
1180,1
1171,1
1090,2
1172,1
1173,1
1174,1
1175,1
1182,7
1183,9
1185,43
1176,1
1190,4
1187,3
1188,2
1189,1
1193,31
1196,9
1194,1
1195,5
1197,3
1198,4
1199,2
1200,107
1201,35
1202,66
1203,22
1204,61
1205,1
1206,1
1207,26
1208,1
1209,1
1210,218
1211,79
1212,4
1213,1
1214,2
1215,65
1216,1
1219,1
1221,77
1223,1
1224,1
1225,1
1226,1
1227,1
1228,11
1229,1
1230,33
1231,1
1232,1
1233,14
1234,16
1235,20
1239,1
1236,103
1237,6
1238,1
1243,5
1241,35
1242,11
1244,2
1245,10
1246,8
1247,77
1248,21
1253,51
1252,2
1254,1
1255,1
1256,1
1257,1
1258,1
1259,45
1261,8
1260,2
1262,2
1264,1
1267,61
1268,1
1269,1
1271,2
1272,1
1273,1
1274,1
1275,1
1278,69
1276,1
1279,124
1280,4
1282,8
1281,10
1286,65
1284,20
1285,31
1290,16
1291,34
1292,7
1293,33
1294,1
1295,1
1296,9
1297,76
1298,1
1299,5
1301,3
1302,1
1303,1
1304,1
1305,290
1306,20
1308,4
1309,1
1313,1
1310,2
1311,2
1312,1
1314,1
1315,6
1316,7
1317,1
1318,2
1319,181
1320,6
1322,12
1324,1
1327,1
1328,2
1325,1
1329,3
1326,6
1331,6
1332,1
1333,2
1334,1
1335,62
1336,8
1337,1
1338,3
1339,5
1340,3
1341,2
1342,4
1343,2
1344,2
1345,1
1346,3
1349,2
1350,117
1351,1
1352,121
1359,3
1353,30
1360,22
1354,8
1355,3
1361,1
1356,20
1362,4
1357,91
1358,18
1365,7
1366,1
1367,40
1368,33
1369,1
1370,1
1375,4
1373,4
1374,462
1382,17
1376,1
1377,33
1378,14
1379,1
1380,63
1381,52
1383,4
1384,37
1385,35
1386,61
1387,1
1388,2
1394,9
1390,32
1391,1
1392,2
1393,4
1395,199
1397,1
1398,1
1399,1
1400,3
1401,3
1403,3
1404,1
1405,1
1411,1
1406,2
1407,3
1408,1
1409,1
1410,1
1416,13
1420,12
1419,41
1421,2
1422,1
1423,8
1424,52
1426,1
1427,2
1428,183
1429,3
1430,2
1431,1
1433,1
1434,2
1436,1
1184,79
1438,1
1440,1
1439,9
1441,41
1446,3
1442,20
1443,3
1444,2
1445,1
1447,7
1448,1
1449,1
1450,1
1451,3
1452,1
1454,1
1455,1
1456,1
1457,5
1458,1
1459,1
1460,1
1461,1
1462,48
1463,26
1465,8
1468,20
1466,24
1467,11
1469,7
1470,156
1471,72
1472,1
1473,91
1474,2
1480,44
1481,1
1482,26
1483,52
1488,1
1487,117
1489,64
1492,157
1493,1
1494,1
1495,10
1496,210
1497,28
1498,6
1499,12
1500,48
1501,38
1506,41
1502,2
1503,3
1504,6
1505,4
1507,2
1511,1
1510,16
1512,1
1515,1
1516,1
1517,1
1519,1
1520,3
1521,99
1522,139
1524,4
1523,1
1527,1
1525,35
1526,4
1528,1
1538,81
1534,2
1535,2
1536,1
1537,68
1539,5
1540,1
1541,1
1543,1
1545,1
1546,1
1542,244
1552,81
1553,20
1547,28
1548,4
1549,587
1550,42
1551,1
1555,79
1554,6
1558,1
1559,1
1560,3
1565,8
1566,46
1568,1
1569,3
1570,4
1572,2
1574,1
1575,1
1576,1
1578,1
1579,1
1581,1
1010,6
1582,13
1583,87
1587,5
1584,1
1585,102
1588,1
1589,13
1590,1
1591,1
1592,30
1594,114
1596,29
1599,3
1603,16
1571,24
1601,4
1602,1
1604,4
1605,10
1606,3
1607,2
1608,355
1609,1
1610,12
1611,1
1612,68
1613,15
1614,73
1615,162
1616,1
1617,1
1530,11
1619,4
1620,1
1621,80
1622,50
1623,39
1625,2
1627,1
1626,2
1628,12
1630,2
1631,6
1632,3
1634,1
1635,1
1636,1
1638,3
1637,1
1639,36
1641,2
1642,1
1643,1
1644,48
1645,2
1646,5
1650,1
1651,1
1653,2
1655,1
1656,1
1661,66
1658,9
1659,1
1660,1
1662,6
1564,27
1663,1
1664,3
1665,1
1666,1
1667,55
1668,5
1670,18
1671,1
1647,19
1674,8
1675,2
1676,1
1677,2
1678,3
1680,4
1681,2
1682,1
1683,2
1685,1
1684,9
1686,1
1687,6
1689,2
1692,3
1690,2
1691,50
1693,6
1701,112
1694,1
1695,1
1696,4
1697,70
1698,1
1699,1
1700,93
1711,9
1703,1
1704,1
1705,47
1706,4
1707,34
1708,1
1709,6
1710,1
1712,1
1713,1
1714,5
1715,1
1716,6
1717,96
1719,10
1720,14
1721,1
1722,14
1723,1
1688,25
1724,1
1725,1
1728,1
1729,19
1732,18
1730,45
1731,1
1733,42
1734,55
1735,1
1736,1
1737,9
1740,1
1738,3
1739,1
1741,9
1746,7
1742,6
1743,1
1744,8
1745,1
1747,3
1748,76
1749,68
1758,2
1753,1
1754,23
1755,1
1756,89
1757,16
1760,1
1761,2
1762,47
1763,1
1764,2
1765,4
1766,27
1767,97
1770,1
1769,67
1772,141
1759,5
1773,1
1777,1
1775,1
1778,8
1781,6
1782,2
1751,35
1783,57
1784,1
1785,1
1789,11
1790,2
1792,31
1795,44
679,3
1796,38
1797,1
1799,48
1800,20
1811,43
1803,19
1804,1
1805,2
1806,1
1807,8
1808,129
1809,2
1810,1
1812,4
1813,41
1814,105
1816,10
1820,90
1821,7
1822,11
1823,49
1825,1
1826,1
1827,2
347,8
1835,73
1836,16
1828,2
1837,28
1829,2
1838,57
1830,3
1831,3
1832,6
1833,6
1834,1
1839,1
1840,2
1841,1
1849,1
1844,1
1845,1
1846,1
1847,47
1852,1
1848,16
1853,1
1859,3
1855,12
1856,1
1857,8
1858,1
1860,1
1862,2
1865,6
1866,1
1867,2
1868,22
1869,3
1870,1
1874,9
1875,33
1871,1
1872,5
1876,3
1873,1
1879,13
1881,1
1882,1
1883,1
1885,44
1886,4
1887,2
1888,36
1889,1
1891,36
1892,5
1894,1
1895,1
1896,51
1897,1
1901,1
1899,6
1900,1
1902,1
1908,9
1905,1
1906,1
1907,1
1909,1
1911,1
1912,3
1913,1
1914,2
1915,33
1916,1
1917,1
1918,20
1919,112
1921,1
1922,204
1923,2
1924,5
1925,22
1928,7
1890,1
1926,1
1927,2
1929,1
1930,1
1931,15
1937,13
1932,1
1933,1
1938,1
1934,1
1935,7
1939,1
1940,5
1941,1
1943,3
1944,2
1945,2
1946,4
1947,15
1948,14
827,3
1951,29
1955,1
1958,1
1959,1
1960,1
1961,5
1962,31
1966,18
1964,13
1965,9
1967,31
1968,2
1972,181
1975,1
1976,6
1977,34
1978,1
1979,2
1952,3
1980,47
1981,2
1982,29
1984,7
1985,56
1986,17
1988,1
1989,1
1990,36
1991,66
1992,16
1993,3
1994,1
1995,3
1996,1
1997,88
1794,26
2000,1
2001,39
2002,1
2005,1
2008,1
2009,63
2040,1
2010,27
2011,3
2012,3
2013,1
2042,2
2014,10
2015,1
2016,13
2017,1
2018,2
2019,1
2020,1
2021,1
2044,2
2023,1
2024,1
2025,1
2026,1
2027,1
2045,1
2029,2
2030,1
2031,1
2032,1
2033,22
2034,1
2035,1
2036,2
2037,8
698,11
2038,5
2049,3
2050,4
2051,1
2052,14
2053,1
2054,3
2056,1
2057,1
2058,1
2059,4
2061,4
2062,121
2063,21
2064,2
2065,50
2069,17
2068,4
2071,7
2070,1
2072,121
2077,1
2081,1
2082,1
2083,2
2095,6
2084,10
2085,28
2086,1
2087,1
2088,6
2089,1
2090,1
2091,8
2092,7
2093,55
2096,2
2097,7
2100,1
2099,22
2102,45
2104,2
2103,2
2105,11
2109,47
2108,4
2110,3
2111,4
2112,1
2114,39
2115,16
2116,20
2119,5
2117,23
2118,113
2121,1
2120,122
2125,3
2126,1
2127,3
2128,3
2129,44
2130,8
2131,1
2132,1
2133,129
2134,14
2135,146
2136,1
2138,1
2139,3
2141,2
2142,2
2143,1
2144,23
2145,145
2146,1
2147,1
2148,1
2149,2
2150,1
2152,4
2156,41
2155,1
2159,18
2160,26
2161,3
2163,2
2164,1
2168,3
2167,1
2169,32
2170,2
2171,16
2172,29
2173,1
2174,65
2175,1
2176,17
2177,3
2178,3
2181,2
2179,1
2180,1
2182,1
2183,1
2184,3
2186,61
2187,1
2188,3
2189,1
2190,1
2191,1
2192,5
2193,12
2194,3
2196,3
2197,4
2198,3
2199,1
2200,2
2201,1
2203,1
2204,1
2206,14
2209,31
2210,17
2212,1
2213,1
2214,3
2215,15
2216,1
2217,11
2218,1
2219,1
2221,1
2222,1
2223,15
2224,3
2225,34
2226,28
2227,4
2234,14
2228,1
2230,49
2231,66
2229,143
2232,12
2233,36
2235,1
2236,75
2237,241
2238,1
2241,14
2239,1
2240,108
2242,3
2041,6
2243,1
2246,8
2249,38
2250,3
2251,25
2252,22
2254,6
2255,31
2256,247
2257,49
2258,95
2259,1
2260,1
2261,1
2262,1
2153,4
2264,58
2266,1
2267,1
2268,1
2269,2
2270,1
2274,48
2276,32
2277,8
2278,4
2280,1
2281,2
2282,5
2283,1
2286,6
2285,17
2287,4
2290,120
2288,1
2289,14
2291,1
2292,1
2265,1
2293,2
2294,9
2295,2
2296,2
2297,164
2298,48
2299,67
2300,1
2301,1
2302,1
2304,1
2307,7
2308,1
2310,1
2311,1
2312,1
2313,1
2314,3
2315,1
2309,3
2316,3
2317,2
2318,2
2319,3
2320,2
2321,3
2322,19
2323,111
2324,3
2326,252
2328,215
2330,2
1561,1
2331,2
2332,36
2334,1
2335,1
2336,1
2337,1
2340,4
2342,5
2343,7
2344,1
2349,2
2351,1
2352,2
2354,1
2353,1
2272,31
2357,12
2359,2
2360,3
2361,1
2363,4
2364,14
2365,77
2366,7
2367,8
2368,17
2338,6
2369,189
2370,2
2371,124
2372,7
2374,1
2375,49
2376,26
2378,4
2381,71
2379,45
2380,1
2382,1
2384,72
2387,66
2388,1
2389,1
2390,2
2392,1
2391,1
2394,1
2395,1
2396,1
2393,4
2398,62
2399,2
2401,1
2402,2
2403,2
2404,1
2405,1
2406,2
2407,4
2410,34
2306,4
2411,141
2412,3
2413,2
2414,6
2416,37
2417,7
2418,1
2113,7
2419,1
2424,1
2428,1
2429,2
2427,11
2435,35
2433,2
2434,2
2437,2
2373,2
2438,1
2462,4
2463,1
2439,1
2440,50
2441,1
2442,1
2443,1
2444,6
2445,1
2446,1
2094,1
2447,1
2448,1
2449,1
2450,1
2451,2
2452,42
2453,1
2454,1
2455,1
2456,31
2465,1
2457,1
2466,1
2458,6
2459,1
2460,1
2461,1
2475,2
2471,1
2472,75
2473,103
2476,35
2477,1
2478,6
2480,7
2481,8
2482,3
2485,324
2487,1
2488,21
2489,1
2491,1
2492,1
2493,6
2494,1
2495,1
2496,2
2497,38
2500,3
2502,30
2503,2
2504,100
2505,1
2506,46
2507,69
2508,13
2509,11
2510,68
2511,8
2517,5
2512,1
2514,1
2513,1
2515,1
2516,44
2518,4
2519,1
2355,1
2520,1
2530,1
2531,2
2521,1
2522,1
2523,5
2534,1
2526,1
2527,2
2528,1
2535,47
2536,1
2537,1
2538,1
2529,1
2540,1
1181,1
2541,37
2542,93
2543,1
2498,1
2545,7
2546,34
2547,105
2548,12
2549,70
2550,26
2552,5
2551,2
899,24
2555,12
2556,1
2566,32
2557,77
2469,3
2567,5
2558,2
2559,82
2560,180
2561,2
2562,2
2563,2
2564,50
2565,893
2570,1
2569,5
2572,7
2573,1
2574,2
2576,146
2577,2
2578,12
2587,12
2581,1
2582,1
2583,2
2584,1
2585,60
2586,2
2592,13
2593,32
2594,45
2595,49
2596,13
2597,2
2598,7
2474,142
2599,9
2603,1
2605,64
2606,1
2607,1
2608,14
2609,7
2610,1
2611,7
2612,29
2613,25
2614,5
2615,2
2616,1
2617,22
2618,53
2623,108
2619,46
2620,24
2627,1
2626,3
2630,2
2631,1
2632,1
2633,1
1863,1
2634,1
2635,1
2636,1
2637,1
2639,1
2640,1
2638,1
2641,1
2642,1
2645,7
2644,1
2628,1
2646,39
2647,18
2648,1
2649,1
2651,269
2653,113
2655,49
2656,1
2657,44
2658,307
2659,12
2665,6
2661,1
2662,2
2663,2
2664,1
2668,1
2671,1
2672,13
2673,1
2674,103
2675,1
2676,7
2677,40
2680,6
2682,1
2683,13
2684,1
2708,9
2699,74
2700,168
2701,19
2686,156
2687,13
2702,80
2703,61
2688,618
2704,75
2660,164
2689,38
2667,126
2690,26
2691,44
2692,19
2693,149
2705,1
2706,18
2694,18
2695,7
2696,64
2697,45
2698,15
2709,1
2711,13
2715,2
2716,1
2717,1
2718,1
2719,21
2721,2
2722,1
2723,1
2724,10
2725,1
2727,33
2728,3
2730,2
2731,1
2733,3
2729,1
2734,1
2736,1
2737,16
2738,3
2739,1
2740,28
2741,1
2744,39
2747,79
2746,25
2748,1
2749,1
2752,7
2753,1
2755,1
2757,5
2759,1
2760,23
2761,1
2762,3
2764,1
2765,29
2766,1
2767,1
2768,40
2770,1
2771,1
2769,1
2772,1
2773,1
2774,46
2775,35
2776,1
2778,22
2779,1
2780,3
2785,1
2782,1
2783,1
2784,1
2787,4
2786,1
2788,4
2789,3
2790,173
2791,15
2792,18
2793,6
2796,8
2802,9
2803,1
2804,16
2807,5
2808,2
2811,19
2813,1
2544,11
2815,11
2818,1
2817,2
2819,18
2822,43
2823,1
2654,104
2824,1
2826,1
2758,2
2827,1
2799,8
2830,6
2834,5
2831,39
2832,50
2833,7
2835,1
2838,21
2839,5
2840,14
2844,2
2845,3
2846,1
2847,1
2848,1
2849,1
2850,1
2851,44
2852,2
2853,1
2855,16
2856,5
2857,1
2858,3
2859,139
2860,5
2866,6
2867,3
2861,1
2868,1
2869,1
2862,4
2863,5
2870,1
2871,282
2864,1
2865,2
2872,87
2875,6
2876,1
2880,2
2879,1
2881,1
2882,1
2883,28
2884,1
2885,5
2467,4
2896,1
2568,4
2886,3
2887,1
2888,1
2464,1
2889,14
2890,1
2891,1
2892,1
2893,1
2894,1
2895,1
2898,2
2901,4
2899,1
2900,29
2905,4
2903,8
2904,18
2906,6
2907,6
2908,12
2909,57
2912,33
2913,11
2916,1
2917,2
2918,3
2919,2
2921,1
2923,35
2924,2
2925,19
2928,1
2929,1
2930,1
2932,62
2931,2
2933,6
2935,36
2914,4
2939,7
2938,1
2940,123
2941,11
2936,8
2944,1
2945,1
2947,10
2948,26
2949,1
2950,13
2951,19
2952,1
2953,10
2954,1
2957,1
2958,47
2960,1
2961,1
2962,1
2964,70
2965,2
2967,238
2968,55
2972,357
2971,1
2969,3
2970,1
2974,15
2978,6
2980,1
2982,1
2983,28
2985,4
2986,3
2987,9
2988,55
2989,10
2993,1
2991,7
2992,1
2994,3
2995,10
2998,3
2999,7
3007,15
3000,43
3001,7
3002,5
3008,1
3003,1
3009,51
3004,3
3005,28
3006,31
3010,123
3011,1
3012,1
3013,1
2707,103
3015,44
3016,2
3017,3
3018,19
3019,1
3020,52
3021,7
3022,1
3024,52
3025,4
3026,175
3029,2
3027,39
3028,189
3031,50
3032,216
3033,45
3034,38
3035,13
2713,200
3037,7
3038,1
3039,14
3040,7
3041,14
3042,1
3043,1
3044,6
3048,1
3049,6
3046,10
3056,44
3051,1
3052,1
3053,9
3054,1
3055,52
3057,48
3059,32
3047,12
3060,4
2356,57
3061,2
3062,42
2976,7
3066,1
3070,2
3071,1
3072,25
3073,34
3074,1
3075,2
3076,1
3077,4
3078,1
3063,3
3081,20
3083,2
3084,62
3085,1
3086,8
3087,8
3088,37
3089,4
3090,12
3091,1
3092,81
3093,1
3094,5
3097,1
3098,37
3095,37
3096,3
3101,2
3102,1
3103,5
3106,5
3107,10
2842,124
3108,8
3109,9
3110,21
3111,1
3112,1
3113,1
2003,63
3114,1
3115,5
3118,2
3119,3
3120,8
3123,3
3124,2
3125,16
3126,1
3127,15
3128,1
3129,2
3131,1
3132,3
3135,1
3133,1
3134,1
3137,4
3140,2
3143,1
3142,49
3144,88
3145,18
3146,1
3147,6
3148,26
3150,10
3149,1
3151,1
3152,1
3153,1
3154,1
3156,1
3158,1
3159,9
3160,2
3162,3
3163,1
3165,1
3166,1
3167,1
3169,1
3168,79
3171,1
3172,13
3173,7
3174,1
3175,41
3176,6
3180,24
3181,3
3190,10
3182,1
3183,2
3184,1
3185,2
3186,1
3187,1
3188,20
3189,10
3192,56
3194,1
3191,68
3196,22
3197,4
3198,1
3199,13
3200,8
3202,8
3203,1
3204,1
3206,1
3207,1
3208,6
3209,41
3212,1
3213,1
3215,1
3214,1
3216,2
3210,3
3217,1
532,1
3219,1
3220,1
3221,1
1509,1
3211,2
3218,1
3222,1
3223,1
3224,1
3225,13
3226,1
3227,19
3228,1
3235,1
3229,1
3230,1
3231,1
3232,1
3234,1
3233,3
3238,28
3239,3
3240,1
3241,1
3242,6
3244,1
3246,2
3247,2
3248,1
3249,3
3250,3
3252,37
3255,3
3256,19
3257,1
3258,95
3263,1
3264,1
3259,2
3260,8
3261,1
3262,9
3267,1
3268,2
212,1
3269,3
3270,2
3271,2
2624,1
3272,2
3280,3
3281,1
3273,1
3274,69
3275,14
3276,79
3277,1
3278,2
3279,2
3285,1
3284,20
3288,1
3291,58
3292,8
3294,1
3296,2
3297,51
3298,1
3299,1
3300,5
3301,15
3302,1
3303,1
1529,2
3304,31
3305,5
3309,4
3310,18
3311,1
3312,1
3313,5
3282,5
3314,1
3315,13
3290,36
3318,1
3316,3
3317,15
3320,5
2325,2
3321,18
3322,1
3323,2
3325,6
3326,18
3335,1
3331,1
3332,1
3333,15
3334,13
3338,3
3339,1
3340,4
3341,1
3342,1
3343,13
3344,1
3345,35
3346,5
3348,25
3349,9
3350,55
3352,273
3353,1
3354,5
3355,3
3360,1
3356,1
3357,2
3358,1
3359,1
3306,7
3361,2
3362,1
3368,1
3369,1
3370,1
3366,63
3367,3
3373,12
3374,4
3375,43
3377,4
3378,41
3379,19
3380,42
3381,180
3382,1
3383,2
3384,3
3385,1
3388,15
3389,2
3391,4
3392,33
3393,10
3394,156
3395,1
3396,2
3397,3
3398,1
3399,3
3400,1
3401,1
3403,3
3402,122
3036,7
3404,89
3405,1
3390,60
3407,1
3406,4
3409,1
3411,1
3412,1
3422,3
3423,1
3416,1
3424,1
3425,2
3418,1
3417,30
3426,1
3434,1
3433,9
3435,4
3436,1
3437,1
3440,1
3441,2
3443,20
3438,1
3444,2
3445,21
3439,88
3447,271
3448,3
3449,314
3450,27
3451,98
3452,131
3453,319
3454,148
3455,68
3456,241
3457,166
3458,69
3459,92
3460,22
3461,101
3462,54
3463,56
3465,3
3466,17
3467,1
3468,3
3469,23
3470,21
3472,15
3471,2
3475,1
3479,102
3480,18
3481,17
3482,24
3483,20
3477,53
3478,42
3487,1
3488,16
3492,3
3493,1
3490,2
3494,1
3495,3
3427,1
3496,10
3491,2
2524,7
3497,1
3498,114
3499,3
3500,1
3504,1
3509,1
3510,1
3515,3
3511,1
3512,9
3513,4
3514,1
3518,6
3519,48
3520,1
3521,29
3522,71
3523,28
3524,1
3525,16
3526,6
3527,64
3386,12
3530,3
3531,1
3532,5
3535,5
3536,6
3538,2
3539,2
3540,4
3541,81
3542,5
3543,3
3508,11
3544,7
3545,2
3550,1
3551,1
3552,1
3553,8
3554,6
3555,14
3556,14
3557,10
3558,1
3560,16
3561,4
3562,40
3563,3
3564,2
3565,1
3566,1
3567,18
3568,147
3569,42
3576,4
3577,1
3579,2
3578,2
3587,15
3581,1
3582,1
3583,4
3584,1
3585,2
3586,156
3589,5
3528,13
3591,13
3590,1
3593,26
3594,2
3598,4
3595,2
3599,1
3600,12
3601,52
3596,1
3597,13
3602,1
3603,12
3605,1
3606,1
3607,24
3610,4
3611,22
3613,1
3614,205
3615,144
3618,1
3619,1
3620,1
3621,1
3622,22
3624,64
3625,4
3629,4
3604,2
3628,1
3630,32
3631,91
3632,1
3633,48
3634,82
3635,63
3636,11
3637,4
3638,1
3639,12
3640,1
3641,212
3642,362
3643,44
3645,40
3649,1
3646,9
3647,13
3651,1
3652,1
3654,1
3653,2
3655,9
3656,3
3657,1
3658,39
3659,38
3660,87
3661,36
3662,10
3663,1
3664,1
3665,20
3666,144
3667,6
3668,1
3673,5
3674,2
3675,1
3676,1
3677,2
3678,17
3681,1
3682,75
3683,6
3684,1
3685,2
3686,3
3692,8
3687,1
3688,4
3689,2
3690,1
3691,95
3693,1
3694,1
3695,1
3696,1
3697,1
3698,1
3700,2
3702,1
3703,1
3704,1
3705,3
3706,1
3707,1
3709,7
2067,3
3711,1
3712,1
3714,15
3715,1
3717,1
3718,1
3719,14
3723,7
3724,93
3722,2
3733,1
3571,45
3725,4
3726,3
3727,1
3728,85
3729,11
3735,3
3730,1
3731,15
3742,3
3743,10
3744,2
3746,1
3747,4
3748,30
3749,4
3750,2
3751,11
3752,15
3753,1
3754,6
3679,2
3757,1
3720,11
3758,1
3759,1
3760,1
3761,2
3762,8
3763,3
3764,10
3765,1
3766,9
3767,16
3770,22
3772,1
3771,3
3774,1
3775,12
3777,11
3779,2
3780,3
3781,1
3782,3
3784,1
3783,1
3785,18
3786,99
2975,2
3791,1
3787,232
3792,27
3796,113
3795,1
3794,46
3798,23
3799,6
3800,3
3803,10
3801,1
3802,8
3804,5
3805,1
3806,45
3809,2
3810,1
3812,53
3813,94
3814,47
3815,20
3817,1
3823,2
3824,1
3827,2
3829,1
3830,20
3821,2
3832,1
3833,3
3834,1
3835,35
3836,1
3837,1
3841,1
3839,5
3840,1
3842,15
3843,18
3844,1
3845,8
3848,1
3850,2
3851,2
3854,82
3855,6
3858,1
3862,2
3863,5
3864,1
3865,2
3871,5
3869,5
3870,2
3872,15
3873,4
3648,9
3876,3
3878,1
3877,13
3881,2
3882,1
3883,1
3885,2
3886,1
3888,1
3889,2
3890,3
3891,1
3894,1
3895,1
3897,9
3896,1
3900,3
3901,1
3902,43
3904,1
3905,2
3906,1
3907,1
3909,1
3910,33
3911,2
3912,17
3916,42
3917,29
3918,4
3919,15
3920,6
3922,7
3923,1
3924,5
3925,7
3927,1
3928,2
3929,2
3930,5
3931,1
3932,4
3935,1
3936,1
3941,1
3943,1
3944,1
3947,3
3945,2
3948,26
3949,30
3952,1
3953,1
3954,2
3955,3
3956,85
3958,15
3959,2
3960,23
3961,16
3962,4
3964,1
3965,89
3963,1
3966,1
3957,1
3968,1
3969,90
3971,7
3973,33
3976,145
3977,14
3978,2
3979,3
3980,2
3981,1
3987,1
3982,20
3989,2
3983,4
3984,2
3990,1
3985,32
3986,1
3991,7
3992,2
3997,1
3998,2
3999,2
4000,4
4001,28
3898,2
4005,1
4006,2
4007,15
4008,7
4010,1
4013,21
4016,2
4015,2
4019,2
4020,6
4024,2
4023,3
4025,1
4026,2
4027,6
4028,1
4034,4
4035,1
4036,147
4037,15
4038,1
4040,104
4039,9
4041,68
4042,21
2981,44
4044,89
4045,257
4046,89
4048,1
4051,1
4050,1
4053,2
4055,3
4056,23
4057,1
4059,4
4061,1
4062,4
4063,27
4077,77
4078,2
4064,1
4065,131
4066,5
4067,1
4068,6
4069,1
4079,4
4070,111
4071,17
4072,29
4073,115
4074,33
4075,1
4080,1
4083,1
4082,15
4085,1
4089,3
4090,1
4091,1
4092,1
4095,2
4096,1
4097,1
4098,8
4100,1
4099,155
4103,1
4110,4
4108,1
4104,3
4105,1
4109,1
4106,1
4107,1
4111,16
4116,12
4119,6
4120,3
4121,2
4076,86
4122,1
4123,25
4124,50
4125,2
4126,2
4127,41
4128,9
4129,2
4130,2
4131,1
4132,1
4133,2
4134,2
4135,2
4136,26
4137,7
4138,64
4139,1
4140,12
4141,5
4142,37
4143,1
4144,76
4145,2
4146,1
4147,2
4148,6
4149,2
4150,16
4151,84
4152,43
4153,1
4154,1
4159,2
4162,16
4163,2
4164,3
4165,1
4166,1
4155,5
4167,1
4169,9
4170,1
4174,1
4175,8
4176,1
4177,1
4178,3
4180,1
3819,10
4184,1
4185,1
4186,6
4187,9
4189,11
4190,2
4194,2
4191,20
4192,7
4195,1
4197,7
4198,1
4199,8
4201,2
4200,5
4207,1
4208,2
4202,1
4203,1
4204,2
3995,57
4209,1
4205,5
4210,1
4206,1
4211,65
4212,53
4215,2
4213,3
4214,9
4216,1
4217,1
4219,112
4220,3
4222,41
4223,7
4224,17
4221,42
4225,1
4228,3
4231,1
4233,2
4232,3
4234,3
4093,1
4236,1
4009,2
4238,1
4240,1
4243,1
4244,1
4241,1
4242,1
4245,2
4246,1
4248,1
4249,1
4250,2
4251,1
4252,5
4229,4
4255,9
4257,2
4263,1
4259,1
4260,1
4261,24
4269,3
4266,11
4267,1
4275,5
4273,23
4276,52
213,1
4277,1
4274,1
4278,1
4279,1
4280,1
4282,6
4283,1
4284,1
4285,2
4290,2
4291,4
4292,4
4295,17
4296,1
4297,38
4298,9
4304,1
4305,1
4308,7
4306,1
4307,3
4312,5
4313,5
4314,4
4315,29
4316,8
4317,3
4318,3
4319,4
4320,2
4321,1
4324,8
4325,3
4326,7
4327,2
4328,1
4329,12
4331,2
4338,40
4333,2
4334,1
4335,32
4336,1
4337,1
4345,2
4346,1
4340,1
4342,10
4341,1
4343,7
4347,55
4344,3
4348,1
4351,4
4352,1
4353,80
4354,6
4355,50
4357,1
4358,1
4360,1
4361,6
4364,39
4362,1
4363,22
4366,2
2028,1
4368,1
4369,2
4371,6
4370,1
4372,1
4375,3
4377,11
4378,1
4383,4
4379,5
4380,1
4381,1
4382,1
4393,1
4394,1
4399,1
4322,1
4395,3
4400,5
4396,1
4397,1
4398,9
4404,1
4408,1
4405,1
4412,2
4414,1
4415,17
4416,11
4422,15
4423,1
4425,2
4426,5
4427,1
4428,12
4429,12
4430,6
4431,4
4432,8
4433,24
4434,2
4435,3
4436,2
4437,70
4438,6
4439,1
4440,6
4441,202
4442,18
4443,7
4444,1
4445,1
4446,2
4447,14
4448,36
4449,1
4451,9
4452,1
4450,1
4454,1
4455,22
4456,4
4457,1
4458,2
4459,4
4460,2
4461,2
2047,1
4462,1
4464,1
4465,4
4467,1
4468,18
4469,1
4471,2
4470,1
4473,1
4474,2
4477,2
4476,16
4478,1
4475,1
4479,1
4485,12
4482,7
4483,153
4493,1
4486,20
4494,1
4495,1
4488,50
4489,15
4490,1
4496,3
4491,1
4497,1
4500,2
4504,2
4502,2
4503,1
4507,2
4492,2
4508,1
4509,11
4511,15
4498,1
4516,1
4523,1
4524,9
4526,5
4527,14
4531,14
4530,9
4533,3
4534,19
4535,5
4536,81
4538,1
4540,1
4542,9
4543,2
4545,1
4547,45
4550,100
4557,16
4553,3
4554,1
4555,1
4556,1
4558,1
4560,3
4563,11
4564,33
4565,2
4566,3
4567,2
4568,1
4569,1
4574,40
4575,2
4576,10
4577,2
4581,3
4582,5
4586,9
4587,27
4588,11
4592,6
4593,1
4594,1
4595,3
4596,1
4597,1
4598,71
4599,1
4600,15
4602,2
4601,1
4603,1
4604,7
4608,1
4607,1
4609,2
2841,1
4611,1
4612,1
4615,1
4616,7
4617,1
4618,4
4619,1
4622,1
4623,2
4624,2
4625,4
4629,1
4626,5
4627,1
4630,4
4487,31
4631,1
4632,228
4633,12
4636,1
4638,1
4640,2
4641,1
4644,1
4645,1
4649,1
4651,2
4652,8
4653,114
4654,2
4655,2
4635,1
4659,3
4660,1
4661,19
4662,46
4663,10
4664,6
4647,11
4665,9
4666,24
4672,2
4667,1
4673,96
4668,1
4669,13
4670,1
4671,7
4674,3
4681,20
4683,1
4682,14
4686,57
4687,23
4688,59
4689,1
4693,2
4692,1
4694,1
4695,1
4696,1
4697,1
4698,1
4699,1
4700,1
4701,1
4702,1
4703,1
4704,1
4705,3
4706,3
4707,1
4708,1
4709,25
4710,8
4711,1
4714,3
4715,11
4716,1
2621,8
4717,62
4718,46
4721,2
4720,1
4712,121
4723,1
4725,36
4726,15
4727,1
4733,4
4736,1
4675,1
4742,2
4737,3
4738,1
4739,11
4743,2
4745,2
4740,1
4744,2
4746,18
4741,3
4749,3
4750,3
4751,4
4754,1
4752,1
4753,1
4755,1
4756,34
4757,6
4759,1
4748,38
4760,7
4761,1
4762,1
4763,1
4764,53
4765,4
4771,3
4766,1
4773,1
4774,13
4778,1
4777,2
4781,27
4782,2
4796,4
4785,1
4786,3
4787,1
4788,20
4789,2
4790,1
4791,1
4792,62
4793,2
4794,1
4798,4
4799,2
4800,1
4803,1
4804,1
4805,2
4806,1
4807,1
4810,1
4814,20
4813,46
4816,1
4817,1
4818,28
4819,1
4821,2
4823,1
4824,101
4825,2
4827,1
4826,1
4829,78
4830,1
4832,7
4857,1
4833,6
4834,1
4835,1
4836,1
4837,2
4838,2
4839,1
4840,4
4858,1
4841,1
4842,2
4843,24
4844,2
4859,30
4860,2
4845,1
4846,34
4847,1
4848,1
4849,2
4850,3
4861,1
4862,4
4851,3
4852,3
4863,1
4853,5
4854,2
4855,2
4856,3
4866,2
4867,1
4868,1
4873,1
4801,1
4871,1
4869,1
4874,3
4870,2
4872,1
4879,28
4881,4
4882,3
4883,5
4884,4
4885,4
4889,2
4890,1
4891,7
4893,5
4894,79
4898,11
4899,169
4900,1
4901,2
4903,2
4904,2
4905,1
4923,3
4906,2
4908,1
4924,10
4909,2
4910,2
4911,1
4912,2
4913,1
4914,2
4915,6
4916,1
4917,1
4918,1
4925,2
4919,1
4920,2
4926,7
4921,1
4922,2
4929,9
4931,1
4932,2
4933,3
4934,6
4935,1
4936,2
4937,17
4943,31
4945,1
4944,4
4947,10
4948,214
4950,1
4951,1
4952,3
4957,1
4960,8
4963,13
4964,60
4965,1
4966,25
4967,361
4938,12
4969,1
4970,8
4971,1
4972,2
4973,8
4974,44
4975,2
4976,23
2346,4
4978,1
4979,1
4980,16
4981,53
4982,43
4977,3
4983,4
4985,1
4986,1
4988,23
4989,7
4993,4
4992,4
4994,19
4995,1
4996,1
4864,4
5000,1
5001,1
5002,115
5003,2
5005,1
4897,1
5006,28
5008,27
5009,14
5010,4
5011,10
5012,14
5013,7
5016,10
5017,9
5018,1
5022,172
5019,1
5020,139
5024,4
5028,43
5029,26
5031,1
5032,2
5035,1
5036,4
5037,18
5038,5
5039,7
5040,3
5043,2
5046,2
5047,1
5048,6
5051,8
5052,1
5053,52
5054,2
5057,1
5059,26
5060,3
5061,13
5062,1
5063,1
5064,1
5065,1
5069,5
5067,2
5068,10
5071,1
5072,3
5077,1
5078,3
5079,271
5080,3
5081,5
5084,1
5085,4
5086,1
5087,1
5088,1
5089,8
5090,3
5091,1
5095,3
5096,14
5097,1
5099,14
5098,2
5106,33
5102,54
5103,127
5104,3
5105,1
5109,1
5111,7
5110,84
5112,1
5114,4
4828,168
5116,1
5117,2
5118,13
5119,18
5121,9
5122,1
5123,69
5127,1
5128,1
5129,1
5124,1
5125,54
5050,11
5126,3
5135,1
5136,1
5138,1
5139,11
5140,51
5141,1
5142,4
5150,13
5151,3
5152,4
5153,5
5154,3
5155,24
5162,5
5158,1
5159,1
5160,12
5161,1
5167,1
5163,1
5164,2
5166,48
5171,41
5172,29
5173,122
5174,6
5175,35
4795,73
5176,139
5177,101
5178,19
4310,278
5179,217
5180,49
5181,41
5182,14
5183,1
5184,68
5185,152
5186,2
5187,31
5188,211
5189,312
5190,80
5191,10
5192,1
5194,10
5195,4
5196,32
5197,3
5198,6
5199,22
5200,15
5201,15
5202,2
5203,15
5207,13
5209,1
5215,8
5213,1
5214,1
5216,1
5217,21
5222,1
5218,1
5219,1
5220,1
5221,1
5224,1
5226,17
5227,1
5228,1
5225,1
5229,1
5230,1
5233,24
5232,2
5239,1
5238,3
5242,1
5244,1
5241,2
5243,19
5246,44
5250,14
5247,2
5248,2
5249,1
5252,1
5251,1
5254,33
5255,8
5261,2
5262,59
5263,75
4407,1
5265,1
5267,2
5275,2
5276,9
5277,1
5278,1
5280,1
5281,1
5282,4
5283,2
5287,1
5284,2
5285,21
5286,10
5289,6
5290,1
5291,1
5294,1
5295,22
5296,16
5299,1
5300,1
5301,61
5306,1
5312,9
5313,12
5314,1
5315,1
5316,24
5317,18
5320,11
5321,32
5322,1
5323,3
5324,16
5328,1
5329,2
5330,1
5333,3
5332,6
5334,7
5341,2
5336,3
5339,10
5337,1
5342,30
5343,2
5344,3
5345,1
5346,1
5347,2
5348,1
5352,3
5353,1
5355,1
4591,2
5356,1
5357,1
5358,1
5264,7
5360,15
5361,6
5365,1
5366,2
5367,1
5370,1
5371,1
5372,1
5373,1
5374,1
5376,1
5377,1
5378,17
5380,2
5381,4
5382,19
5384,2
5385,1
5386,3
5387,1
5390,2
5391,37
5395,1
5404,40
5397,1
5398,2
5405,4
5399,8
5400,4
5401,3
5406,1
5413,1
5415,1
5416,1
5423,48
5418,1
5424,2
5419,9
5421,4
5422,1
5430,6
5427,37
5428,3
5429,1
5431,1
5432,4
5435,1
5436,1
5437,26
5438,1
5439,66
5440,2
5445,63
5446,26
5447,2
5448,3
5452,17
5454,19
5456,2
5455,8
5457,44
5460,1
5461,1
5466,2
5468,10
5472,16
5473,1
5474,8
5475,2
5476,1
5477,1
5478,9
5480,3
5479,28
5482,12
5483,1
5484,22
5485,21
5486,1
5487,30
5488,1
5489,12
5490,1
5491,1
5494,1
5495,4
5496,1
5462,19
5497,1
5499,3
5501,3
5500,1
5504,2
5505,1
5507,1
5508,1
5511,3
5510,1
5512,2
5515,7
5516,2
5517,1
5518,1
5519,1
5520,2
5521,3
5522,1
5523,1
5524,389
5525,1
5526,6
5527,2
5530,1
5531,243
5528,6
5532,26
5534,14
5535,1
5536,3
5537,1
5193,18
5540,3
5541,1
5542,1
5543,137
5544,4
5548,1
5549,10
5550,11
5551,8
5554,1
5552,8
5553,46
5555,1
5558,3
5563,2
5561,1
5562,13
5565,3
5566,1
5567,1
5569,1
5571,1
5572,1
5573,1
5577,8
5576,1
5578,1
5579,2
5580,2
5581,2
5582,105
5583,2
5584,12
5587,1
5589,11
5591,27
5594,1
5596,30
5595,1
5598,1
5599,1
5600,8
5601,2
5602,1
5603,3
5604,7
5605,11
5606,28
5607,1
5608,16
5612,66
5609,1
5610,2
5611,1
5613,1
5614,7
5615,3
5616,15
5617,22
5620,7
5623,2
5622,2
5396,12
5627,3
5624,28
5625,1
5626,4
5628,1
5629,1
5630,36
5633,1
5640,2
5639,4
5644,21
5636,1
5645,1
5646,2
5650,2
5648,1
5649,2
5651,1
5652,1
5653,1
5655,139
5656,5
5657,2
5658,10
5659,1
5660,2
5661,3
5662,4
5668,4
5647,8
5666,5
5667,5
5669,1
5670,2
5671,3
5674,1
5675,8
5676,1
5678,1
5680,4
5682,1
5684,18
5686,3
5685,1
5687,1
5688,1
5689,1
5690,1
5691,49
5692,21
5695,1
5698,1
5696,50
5697,230
5702,10
5703,1
5705,3
5704,4
5708,7
5707,4
5709,11
5710,1
5711,1
5712,1
5713,1
5714,44
5717,1
5718,1
5721,10
5720,3
5722,3
5729,1
5730,1
5731,2
5733,1
5735,1
5738,14
5739,45
5741,13
4418,1
5744,1
5746,1
5750,4
5747,2
5748,1
5749,2
5751,1
5752,1
5753,4
5755,1
5757,1
5760,3
5761,9
5763,4
5764,1
5765,1
5766,1
5768,13
5769,4
5770,6
5775,42
5771,9
5772,15
5773,75
5774,1
5776,14
5781,1
5784,1
5783,23
5785,2
5786,1
5787,32
5790,1
5788,5
5789,1
5794,1
5796,191
5797,3
5798,12
5799,23
5800,222
5801,2
5802,385
5803,2
5806,83
5804,33
5805,16
5807,27
5808,6
5809,21
5810,29
5811,79
5812,41
5813,2
5814,144
5815,5
5816,84
5817,75
5818,67
5819,61
5820,20
5821,22
5822,98
5823,12
5824,41
5827,15
5829,12
5837,1
5833,1
5834,6
5839,41
5842,1
5840,1
5841,1
5836,11
5846,3
5852,1
5853,1
5854,1
3788,2
5855,8
5856,1
5857,92
5859,16
5861,2
5862,24
5864,1
5866,1
5868,3
5872,27
5873,6
5874,1
5875,1
5876,1
5877,7
5878,1
5883,2
5884,2
5885,3
5887,1
5888,1
5889,1
5890,5
5590,5
5892,2
5895,1
5896,10
5897,2
5899,2
5902,1
5070,4
5903,1
4767,14
5907,1
5911,2
5908,19
5909,2
5913,5
5915,52
5916,9
4927,1
5914,2
5871,50
5917,1
5919,2
5920,10
5921,4
5922,7
5923,3
5924,1
5928,4
5927,10
5930,3
5932,33
5933,4
5934,42
5935,11
5936,2
5937,1
5938,2
5942,4
5939,3
5940,13
5941,1
5944,1
5945,9
5946,4
5950,4
5952,14
5962,2
5964,1
5958,3
5966,7
5959,1
5960,4
5093,1
5961,11
5969,5
5970,1
5972,2
5980,8
5981,6
5982,4
5983,1
5984,10
5985,1
5986,1
5987,1
5988,4
5989,1
5990,1
5992,1
5993,3
5997,2
5998,81
5967,1
5999,20
6000,10
6005,1
6003,1
6006,68
6004,6
6007,6
6013,3
4409,7
6014,1
6015,3
6016,10
6017,2
6018,1
6019,1
6020,25
6024,17
6022,1
6023,30
6002,1
6026,3
6028,1
6030,1
6031,2
6032,80
5978,1
6033,1
6034,1
6036,1
6037,1
6035,1
6029,2
6038,6
6039,1
6042,1
6043,39
6044,2
6045,7
6046,2
6047,4
6048,1
6049,3
6050,1
6051,1
6052,1
6053,1
6056,1
6057,1
6058,1
6060,1
6061,1
6062,2
6063,1
6064,4
6066,1
6070,3
6071,3
6072,54
6067,1
6068,32
6069,5
6073,1
6074,1
6075,18
6077,1
6079,1
6081,3
6082,18
6089,1
6091,1
6092,1
6093,5
6098,1
6097,26
6094,11
6100,1
6108,4
6110,1
6116,2
6112,1
6113,1
6114,2
6118,2
6119,3
6120,1
6121,2
6126,11
6129,1
6128,2
6127,3
6130,1
6001,5
6133,4
6134,7
6135,2
6141,1
6142,1
6143,1
6144,1
6145,1
6146,9
6147,1
6151,13
6150,1
6152,1
6153,1
6155,1
6158,1
6156,22
6157,3
6160,3
6165,4
6168,1
6169,3
6170,14
6174,10
6175,1
6176,3
6177,2
6178,1
6179,7
6180,3
6196,2
6197,2
6181,1
6182,3
6183,1
6184,2
6185,1
6186,1
6187,1
388,1
6188,1
6198,14
6199,1
6200,6
6201,2
6202,3
6203,1
6204,12
6190,3
6205,1
6206,1
6207,4
6191,1
6192,2
6208,3
6193,1
6212,3
6213,3
6214,1
6215,1
6216,5
6217,31
6218,53
6219,4
6220,18
6224,1
6221,31
6222,1
6223,17
6229,19
6227,2
6230,2
6228,1
6232,3
6236,1
6239,5
6240,1
6241,75
6242,5
6244,1
6245,8
6243,35
6247,1
6248,10
6252,2
6253,1
6254,1
6258,1
6262,1
6263,4
6264,1
6265,1
6266,1
6270,88
6271,11
6272,76
6273,1
6274,9
6275,1
6276,1
6282,1
6280,52
6281,1
6286,3
6287,1
6288,1
6291,1
6292,1
6293,1
6294,1
6297,1
6295,3
6299,78
6301,1
6304,1
6305,190
6311,1
6312,3
6313,2
6314,10
6315,1
6319,2
6320,23
6323,44
6132,2
6317,5
6324,6
6325,5
6326,2
6334,4
6330,1
6331,3
6332,1
6333,2
6339,3
6344,2
6346,17
6347,11
6348,1
6349,1
6350,1
4406,1
5995,2
6355,1
6356,2
6359,81
6360,35
6298,7
6366,1
6351,1
6371,1
6374,1
6375,1
6377,17
6378,2
6379,1
6380,4
6381,3
6327,108
6383,3
6387,1
5965,3
6389,1
6391,1
6392,1
6393,1
6394,8
6399,1
6395,1
6396,1
6397,1
6398,29
6406,2
6408,3
6410,1
6411,1
6412,1
6413,1
6414,21
6415,4
6416,2
6422,11
6421,23
6423,1
6424,2
6426,1
6429,1
6428,3
6430,1
6431,1
6436,3
6439,1
6440,3
6442,4
6443,70
6444,1
6448,1
6445,7
850,4
6446,1
6447,12
6458,28
6450,1
6451,1
6452,2
6453,1
6454,1
6455,1
6456,3
6457,2
6459,2
6461,6
6462,3
6466,1
6467,8
6468,1
6469,2
6470,1
6471,5
6474,1
6477,1
6479,13
6478,1
6480,1
6483,28
6484,10
6485,1
6486,85
6487,4
6488,22
6489,2
6490,2
6491,4
6492,2
6493,1
6494,101
6495,2
6497,1
6500,8
6501,17
6502,12
6503,4
6504,7
6506,1
6507,1
6508,1
6509,1
6510,54
6513,1
6514,1
6515,1
6516,1
6517,2
6518,33
6519,1
6520,2
6521,1
6522,29
6523,33
6524,8
6525,17
6526,11
6527,1
6460,58
6533,1
6534,1
6537,5
6535,1
6538,21
6539,1
6536,2
6541,1
6542,1
6544,1
6545,5
6546,2
6547,1
6548,10
6550,9
6555,35
5273,12
6560,43
6561,3
6565,1
6123,24
6570,4
6572,1
6573,1
6574,1
6575,1
6563,58
6577,10
6578,1
6579,1
6580,1
6586,1
6581,1
6582,1
6583,1
6587,1
6584,1
6588,1
6585,1
6592,1
6552,29
6595,12
6596,177
6598,6
6601,1
6602,1
6603,1
6604,1
6605,10
6607,4
6608,18
6612,7
6618,91
6619,104
6613,9
6614,2
6615,160
6616,18
6617,1
6622,5
6624,135
6625,3
6627,50
6626,9
6630,1
5943,1
6634,3
6636,2
6633,1
6635,9
6639,1
6643,2
6644,1
6645,2
6646,4
6647,1
6655,7
6648,3
6649,26
6650,1
6651,1
6652,1
6653,1
6654,1
6656,1
6657,11
6658,5
6609,7
6660,1
6551,2
6665,29
6666,6
6671,4
6672,1
6673,1
6674,1
6675,1
6676,6
6677,1
6678,1
6679,1
6683,3
6684,1
6687,1
6688,1
6689,1
6690,1
6695,2
6696,2
6697,1
6698,1
6701,1
6702,10
6703,1
6705,1
6706,3
6710,2
6711,7
6712,11
3293,10
6713,4
6714,100
6718,1
6717,4
6719,3
6727,1
6728,1
6611,15
6729,1
6730,1
6731,1
6732,1
6734,2
6735,1
6736,33
6737,1
6738,1
6744,2
6745,1
6746,2
6749,1
6751,2
6726,12
6752,1
6753,4
6755,2
4401,9
6758,10
6760,2
6759,3
6761,1
6764,1
6765,1
6766,22
6767,2
6768,1
6770,6
6771,2
6772,77
6775,3
6773,1
6774,24
6779,3
6780,6
6781,8
6782,1
6783,4
6784,42
6787,1
6789,11
6790,11
6793,1
6794,1
6795,2
6797,1
6798,1
6800,1
6801,6
6802,3
6804,6
6809,2
6808,1
6807,1
6810,1
6812,2
6811,1
6813,1
6815,4
6816,1
6818,2
6819,1
5269,1
6821,1
6822,2
6824,1
6776,3
6828,1
6829,4
6833,1
6834,2
6835,1
6836,1
6837,1
6841,2
6842,1
6843,1
6844,1
6845,2
6846,6
6848,14
6847,1
6852,1
6855,14
6854,1
6859,11
6620,93
6861,2
6862,1
6863,2
6864,2
6866,4
6867,5
6869,1
6865,19
6870,3
6875,15
6876,1
6877,1
6878,1
6880,2
6881,1
6883,4
6884,1
6885,19
6747,4
6886,7
5410,1
6895,6
6896,4
6899,2
6900,31
6902,28
6903,1
6913,44
6905,1
6914,95
6915,2
6906,49
6907,191
6908,1
6909,1
2415,4
6910,1
6916,54
6917,3
6911,5
6912,3
6918,29
6921,1
6922,1
6923,2
6924,16
6926,1
6927,1
6928,1
6929,1
6934,65
6935,2
6936,1
6938,4
6940,1
6941,57
5529,39
6943,1
6945,18
6949,5
6947,1
6953,1
6954,3
6951,47
6959,5
6692,6
6958,2
6960,1
6961,2
6962,1
6963,1
6968,1
6969,1
6316,19
6971,6
6972,1
6974,2
6975,10
6976,41
6978,1
6981,1
6984,7
6985,1
6990,1
6991,18
6993,81
6995,1
6996,1
6998,1
6999,1
7000,1
7001,1
7002,2
7003,1
7004,1
7005,13
7006,1
7007,1
7008,1
7009,1
7010,1
7011,3
7012,10
7013,1
7014,2
7015,1
7016,1
7017,1
7018,1
7019,4
7020,3
7021,15
7022,1
7023,8
7024,3
7025,1
7026,13
7027,1
7028,1
7029,2
7031,1
7032,1
7035,2
7036,2
7037,1
7041,1
7043,14
7044,3
7051,1
7052,142
7045,36
7053,31
7054,40
7046,21
7047,161
7055,98
7048,1
7056,37
7049,27
7057,118
7030,2
7061,3
7062,4
7063,16
7064,3
7065,1
7038,7
7072,1
7070,2
7071,4
7079,1
7080,70
7082,1
6946,68
7085,1
7087,2
7086,123
7084,1
7088,5
7090,11
7092,93
5015,14
7089,2
7096,5
7095,1
7098,1
7099,18
7100,15
7103,1
7104,15
7106,4
7107,2
7109,2
7110,5
7111,1
7112,1
7113,12
7114,1
7116,1
7118,1
7117,7
7120,18
7121,7
7123,1
7122,1
7124,1
7125,1
7127,2
7128,2
7129,11
7136,2
7130,2
7137,1
7131,24
7126,3
7132,30
7133,1
7138,2
7134,3
7139,3
7140,1
7135,1
6986,1
7142,4
7145,1
7146,1
7151,1
7153,12
7154,1
7155,1
7156,1
7157,1
7160,1
7158,1
7159,1
6994,19
7163,2
7164,4
7165,3
7166,1
7167,1
7172,2
7173,2
7174,1
7175,2
7178,2
7179,2
7176,4
7177,1
7183,9
7184,2
7187,1
7188,14
7189,3
7190,1
7192,1
7193,1
6889,5
7194,1
7197,1
7198,8
7203,1
7205,1
7206,1
7210,1
7211,1
7212,1
7217,1
7219,1
7218,1
7220,1
7221,1
7222,1
7223,1
7225,47
7226,4
7227,12
7228,7
7229,7
5143,16
7230,4
7231,101
7232,1
7233,22
7234,1
7235,1
7236,23
7237,15
7238,9
7239,21
7240,1
7241,21
7243,1
7245,1
7251,1
7252,1
7253,4
7255,1
7262,11
7260,3
7265,1
7266,6
7267,1
7268,1
7269,1
7270,5
7271,3
7276,5
7277,4
7278,4
7279,19
7280,89
7282,2
7283,1
7284,2
7285,1
7286,1
7287,1
7291,1
7293,4
5949,3
7296,1
7295,13
7301,27
7298,2
7299,1
7300,1
7302,2
7305,1
7171,9
7309,1
7310,1
7317,15
7320,1
7294,39
7326,1
7327,6
7281,12
7329,2
7333,1
7330,2
7332,1
7335,15
7336,1
7337,1
7341,2
7342,1
7345,1
7343,12
7344,3
7347,1
7348,2
7349,1
7350,21
7351,2
7352,15
7353,1
7354,4
7355,1
7360,1
7362,8
7363,1
7365,1
7371,2
7374,1
7377,1
7379,7
7378,38
7380,3
7357,9
7199,2
7382,1
7383,2
7387,4
7386,25
7389,2
7390,24
7391,52
7392,1
7321,3
7394,5
7400,15
7170,1
7401,3
7402,5
7403,1
7404,1
7405,18
7407,1
7409,10
7393,12
7413,2
7416,1
7417,2
7418,2
7419,1
7420,1
7421,9
7424,4
7425,7
7426,2
7427,1
7428,2
7429,1
7430,1
7431,1
7441,3
7443,10
7444,3
6139,1
7448,1
7445,1
7446,1
7447,1
7449,39
7451,1
7452,3
7453,1
7181,2
7180,4
7454,1
7455,4
7456,1
7457,1
7458,1
7459,1
7461,1
7462,1
7465,1
7466,1
7473,1
7474,1
7468,1
7469,1
7476,2
7477,1
7470,1
4532,8
7480,1
7481,1
7482,1
7483,1
7484,3
7485,1
7486,1
7487,1
7490,27
7492,3
7493,4
7494,1
7501,1
7502,3
7503,1
7505,1
7509,1
7471,9
7511,16
7514,3
7515,1
7513,1
7517,2
7518,3
7520,3
7376,4
7522,1
7523,1
7524,1
7525,1
7527,1
7528,1
7531,1
7538,1
7540,1
7535,1
7536,1
7537,1
7544,11
7549,2
7545,1
7546,3
7550,1
7554,3
7563,1
7564,31
7415,6
7150,10
7565,3
7569,4
7570,3
7571,1
7572,1
7576,1
7577,1
7578,28
7579,9
7580,19
7581,1
7585,1
7586,7
7588,8
7593,3
7594,4
7595,1
7597,4
7598,33
7599,1
7600,1
7602,1
7605,3
5910,1
7608,2
7610,1
7611,1
7613,1
7609,2
7614,39
7615,1
7616,1
7617,1
7618,3
7619,1
7623,3
7625,6
7626,1
7050,5
7630,1
7629,1
7634,1
7639,1
7638,1
7601,3
7642,1
7644,1
7645,1
7648,1
7647,4
7649,10
7653,1
7659,6
7660,1
7650,2
7661,4
7663,1
7664,1
7665,6
7666,14
7670,1
7675,25
7676,5
7677,12
7678,2
7679,26
7682,36
7684,2
7685,13
7687,3
7686,2
7691,19
7695,3
7696,4
7697,19
7698,1
7701,3
7703,2
7704,1
7705,1
7706,2
7715,1
7716,2
7719,4
6367,2
7717,2
7720,1
7721,1
7724,2
7726,3
7728,2
7727,30
7729,1
7732,1
7733,45
7736,2
7737,1
7738,6
7740,1
7741,4
7742,1
7743,13
7744,50
7745,1
7747,8
7750,2
7751,1
7752,2
7753,2
7755,13
7756,2
7758,1
7759,4
7760,1
7761,1
7762,1
7766,13
7767,2
7768,11
7769,19
7770,2
7771,3
7772,20
7773,1
7774,35
7775,11
7777,1
7779,2
7780,3
7781,1
7782,1
7783,1
7789,1
7790,4
7791,4
7792,7
7796,1
7800,1
7804,1
7801,1
7805,1
7802,1
7806,2
7808,12
7810,9
7812,6
7814,1
7815,2
7818,23
7821,1
7822,1
6709,2
7826,1
7827,1
7828,1
7829,4
7830,1
7831,2
7832,1
7833,4
7834,1
7836,1
7835,3
7837,2
7841,1
7842,2
7843,2
7844,1
7845,2
7848,1
7849,1
7852,1
7850,1
7851,1
6638,1
7853,2
7854,1
7856,7
7754,1
7862,11
7860,2
7863,1
7864,2
7865,24
7866,1
7867,1
7868,1
7870,1
7873,6
7874,4
7875,2
7877,6
7878,1
7882,11
7885,6
7883,1
7884,5
7886,1
7887,1
7888,1
7889,1
7891,1
7892,1
7893,2
7372,1
7894,1
7900,27
7901,30
7902,21
7903,4
7904,6
7905,1
7906,10
7907,12
7910,4
7911,1
7869,1
7914,1
7915,1
7916,2
7919,3
7920,1
7922,1
7923,1
7924,2
7925,1
7928,3
7930,1
7929,4
7932,2
7933,4
7931,2
7934,1
7935,1
7937,1
7938,2
7939,1
7940,1
7941,1
7942,1
7944,1
7945,5
7948,2
7949,1
7950,1
7953,1
7954,1
7955,1
7956,1
7959,1
7960,1
7964,11
7966,1
7968,3
7969,2
7967,4
7970,1
7972,1
7974,1
7975,1
7976,1
7978,1
7980,15
7981,1
7985,1
7993,2
7995,1
7998,1
7999,1
8000,1
8001,1
8005,2
8006,1
8009,1
8010,2
8011,1
8012,7
8013,1
8014,1
8021,1
8020,1
8027,1
8035,1
8037,1
8036,19
8042,1
8040,1
8041,3
8045,7
8046,16
8047,20
8048,3
8049,1
8051,8
8052,1
8053,20
8054,2
8055,1
8056,1
8057,1
8060,5
8061,5
8062,1
8063,3
8064,1
8065,1
8066,3
8069,4
8070,1
8071,1
8072,1
8074,1
8075,1
8077,2
8080,1
8081,1
8023,1
8084,1
8085,16
8086,1
8087,1
8088,2
8091,1
8092,5
8093,1
8094,4
8095,1
8096,1
8098,1
8099,1
8100,1
8101,1
8102,1
8108,1
8103,1
8104,1
8105,1
8111,2
8112,2
8106,1
8107,13
8114,1
8115,1
8109,1
8110,1
8118,1
8119,1
8120,1
8126,1
8131,2
8133,1
8134,1
8135,1
8138,1
8136,1
8097,2
8137,1
8140,1
8142,1
8144,1
8145,2
8146,2
8147,1
8152,10
8153,1
8155,1
8156,5
8158,1
8159,1
8157,2
8161,1
8162,9
8166,1
8167,1
8170,1
8171,3
8172,1
8173,7
8177,1
7472,1
8179,1
8184,1
8180,1
8181,1
8182,1
8183,1
8187,1
8189,4
7861,2
8190,4
8193,2
8194,1
8195,1
8196,1
8197,1
8199,1
8202,1
8203,1
8206,1
8204,2
8205,1
8211,11
8213,1
8215,1
8216,1
8221,1
8222,6
8050,9
8227,1
8231,1
8232,1
8233,1
8236,1
8214,1
8238,1
8241,2
8242,1
8243,6
8244,1
8245,1
8248,1
8229,1
8251,1
8252,1
8253,1
8254,1
8255,1
8256,1
8260,1
8261,1
8262,1
8263,2
8264,1
8265,1
8266,1
7637,1
8270,2
8271,1
8272,1
8273,1
8150,2
8274,1
